Feature,Rank_Total,DirectionQR_Total,DirectionCORR_Total,Rank_2019Y,DirectionQR_2019Y,DirectionCORR_2019Y,Rank_2020Y,DirectionQR_2020Y,DirectionCORR_2020Y,Rank_2021Y,DirectionQR_2021Y,DirectionCORR_2021Y,Rank_2022Y,DirectionQR_2022Y,DirectionCORR_2022Y,Rank_2023Y,DirectionQR_2023Y,DirectionCORR_2023Y
디지털대응_3,1,+,+,1,-,-,1,+,-,1,+,+,3,+,+,2,+,+
창업준비활동중요성_동종업종종사경험,2,+,+,2,+,+,2,+,+,2,+,+,1,+,+,4,+,+
창업동기_2,3,+,+,3,+,+,3,+,+,4,+,+,2,+,+,3,+,+
창업과정어려움_업종선택,4,+,-,5,+,-,5,+,-,3,+,-,4,+,-,14,+,-
창업준비활동중요성_창업교육,5,+,+,4,+,+,4,+,+,6,+,+,7,+,+,8,+,+
창업과정어려움_경영방법,6,+,-,6,+,-,6,+,-,5,+,-,5,+,-,13,+,-
창업과정어려움_입지선정,7,+,+,8,+,+,7,+,+,7,+,+,9,+,+,10,+,+
정부지원경험_1,8,+,+,7,+,+,8,+,+,10,+,+,10,+,+,7,+,+
직전종사상지위_3,9,+,+,10,+,+,10,+,+,9,+,+,6,+,+,6,+,+
창업과정어려움_행정절차,10,+,+,9,+,+,9,+,+,8,+,+,8,+,-,11,+,+
경영애로사항_2,11,+,+,12,+,+,11,+,+,11,+,+,11,+,+,5,+,+
창업동기_3,12,+,+,13,+,+,15,+,+,13,+,+,12,+,+,16,+,+
창업과정어려움_인력확보,13,+,+,15,+,+,12,+,+,12,+,+,15,+,-,20,+,+
정부지원경험_2,14,+,+,11,+,+,13,+,+,17,+,+,19,+,+,9,+,+
창업준비활동중요성_사업계획서작성,15,+,-,16,+,-,14,+,-,14,+,-,16,+,-,21,+,-
연간매출액,16,+,+,20,+,+,19,+,+,16,+,+,13,+,+,12,+,+
디지털대응_응답여부,17,+,+,14,+,-,22,+,+,22,+,+,14,+,+,22,+,-
경영애로사항_3,18,+,+,23,+,+,21,+,+,15,+,+,17,+,+,15,+,+
임차형태_7,19,+,+,19,+,+,17,+,+,18,+,+,18,+,+,18,+,+
임차형태_1,20,+,+,21,+,+,20,+,+,20,+,+,20,+,+,19,+,+
연도,21,+,+,30,+,-,31,+,-,35,+,-,32,+,-,1,+,-
창업준비활동중요성_시장조사,22,+,-,17,+,+,16,+,-,21,+,-,23,+,-,26,+,-
창업과정어려움_자금조달,23,+,-,18,+,-,18,+,-,19,-,-,21,+,-,23,+,-
경영애로사항_1,24,+,+,22,+,+,24,+,+,23,+,+,22,+,+,38,+,+
창업과정어려움_기술확보,25,-,-,24,-,-,23,+,-,24,-,-,25,+,-,28,+,-
직전종사상지위_2,26,+,+,25,+,+,25,+,+,25,+,+,24,+,+,17,+,+
직전종사상지위_1,27,+,+,27,+,+,27,+,+,26,+,+,26,+,+,25,+,+
창업준비기간,28,+,+,28,+,+,26,+,+,29,-,+,29,+,+,33,+,+
창업횟수,29,+,+,31,+,+,28,+,+,27,+,+,28,+,+,35,+,+
총종사자,30,+,+,32,+,+,30,+,+,28,+,+,27,+,+,31,+,+
사업장이전경험,31,+,+,29,+,+,29,+,+,31,+,+,31,+,+,41,+,+
직전종사상지위_4,32,+,+,33,+,+,32,+,+,30,+,+,30,+,+,34,+,+
부채현황,33,-,+,34,-,+,33,-,+,33,+,+,35,-,+,37,-,+
경영애로사항_4,34,+,+,35,+,+,36,+,+,36,+,+,34,+,+,24,+,+
임차형태_2,35,+,+,37,+,+,34,+,+,34,+,+,33,+,+,40,+,+
창업준비활동_동종업종종사경험,36,+,+,36,+,+,35,+,+,32,+,+,37,+,+,44,+,+
창업동기_1,37,+,+,38,+,+,37,+,+,38,+,+,36,+,+,27,+,+
경영애로사항_9,38,+,-,26,-,-,42,+,+,45,+,+,46,+,+,42,+,+
창업준비활동_사업계획서작성,39,+,+,40,+,+,38,+,+,37,+,+,38,+,+,47,+,+
총창업비용,40,+,+,43,+,+,40,+,+,40,+,+,39,+,+,39,+,+
경영애로사항_7,41,+,+,41,+,+,41,+,+,41,+,+,41,+,+,36,+,+
경영애로사항_8,42,+,+,49,+,+,39,+,+,43,+,+,43,+,+,29,+,+
경영애로사항_6,43,+,+,46,+,+,44,+,+,44,+,+,42,+,+,32,+,+
정부지원경험_3,44,+,+,42,+,+,46,+,+,39,+,+,44,+,+,43,+,+
임차형태_5,45,+,+,48,+,+,43,+,+,42,+,+,40,+,+,46,+,+
경영애로사항_5,46,+,+,50,+,+,47,+,+,48,+,+,47,+,+,30,+,+
창업준비활동_시장조사,47,+,+,53,+,+,48,+,+,46,+,+,45,+,+,48,+,+
창업준비활동_창업교육,48,+,+,51,+,+,45,+,+,47,+,+,48,+,+,54,+,+
디지털대응_6,49,+,+,44,-,-,49,+,+,49,+,+,50,+,-,45,+,+
디지털대응_5,50,+,+,47,-,-,50,+,+,51,+,+,52,+,+,53,+,+
디지털대응_1,51,+,-,39,-,-,54,+,-,55,+,-,56,+,-,56,-,-
디지털대응_2,52,+,-,45,-,-,52,+,-,53,+,-,53,+,-,52,-,-
창업동기_4,53,+,+,54,+,+,53,+,+,50,+,+,51,+,+,49,+,+
프랜차이즈가맹점여부,54,-,-,55,-,-,51,-,-,52,-,-,49,-,-,50,-,-
디지털대응_4,55,+,+,52,+,+,55,+,+,56,+,+,55,+,+,51,+,+
임차형태_3,56,+,+,56,+,+,56,+,+,54,+,+,54,+,+,55,+,+
임차형태_6,57,+,+,58,+,+,57,+,+,57,+,+,57,+,+,57,+,+
임차형태_4,58,+,+,57,+,+,58,+,+,58,+,+,58,+,+,58,+,+
